id,qd1,qd2
1,176.64639351822404,163.97883236602706
2,187.963979353058,175.21568548685218
3,162.97288260121655,150.9906449035119
4,258.7574450369776,243.5779074946799
5,406.5894770610457,387.0614366115175
6,371.06868149769286,352.9173413358774
7,334.90451682251705,316.5150514832021
8,309.8367776240247,292.8082304299084
9,297.23358758809826,280.8530794000232
10,261.97834439951447,247.55747817661512
11,209.8001575706578,196.67438725294784
12,225.50074276886198,210.7830002275627
13,399.57464210917044,380.2212925944441
14,322.75005700192287,304.6794857356957
15,218.5486080090704,204.24721607833033
16,382.12804043733877,363.5217796962871
17,87.00662356534303,78.2628499151827
18,316.16086215371445,298.80751203820694
19,184.24907234462097,171.87403046767952
20,318.08129905829327,301.0093991686606
21,178.31481116023895,165.72847028858814
22,242.25927410134608,228.28147455990705
23,355.61159629137944,337.4065089513985
24,266.2286287980913,251.20685181021054
25,136.06996660110497,125.3732357954201
26,238.52552825134688,223.84175714426868
27,291.9540099661276,276.245102632256
28,182.05272375615488,170.13737446989967
29,324.2637662779523,307.39451916740234
30,342.9431510697299,324.1691567570614
31,360.52770574413694,341.41983507625423
32,354.6875514185489,336.54948785914314
33,377.4924605822747,358.525157003089
34,325.2124566901358,308.3449969404753
35,391.7646353432965,372.0911539549793
36,254.51877701346837,239.66106692288935
37,293.48951195296394,278.0057943235955
38,216.2508762687566,203.039735576066
39,224.85077792778412,211.6535745937241
40,256.99132277468374,242.04748196703974
41,224.3359563229343,209.93746758098501
42,363.8852293087175,345.00874819383887
43,226.8534678365433,213.65617079996258
44,192.86052460701796,180.15066940189422
45,212.41652674198662,198.67709315761124
46,259.65411978461884,244.89619954834154
47,143.13590357355918,131.60083988813898
48,227.4933099514177,212.91516566046033
49,248.0016805767221,233.7193407713944
50,169.2755739669886,156.55126058699403
51,254.75824875429498,240.34504952629743
52,238.2553500089736,224.03384333619778
53,241.9117541500794,227.52804241970324
54,216.49897215204078,202.51282276919164
55,241.77894335920547,226.4593175970648
56,248.92354030598318,233.28536404231062
57,382.0966938967307,363.2476812807291
58,176.84220890788845,165.10836703281984
59,156.37476644217156,145.6674179851234
60,280.33369735835953,264.2632153543539
61,122.37327151667495,111.97948862623872
62,296.9530903592797,281.1745453950623
63,299.2010591758761,283.13519760072023
64,327.32982791813976,310.42344472908115
65,306.2316275511798,289.74668314361793
66,234.5722364308225,219.53848992866205
67,356.6098181643187,338.8924804179692
68,219.79746182766343,206.74145508040493
69,180.12820915668703,168.2102303491596
70,389.61125049134364,370.70947855028703
71,454.5118425416904,433.31443452491965
72,256.5294497549367,242.26356003111556
73,303.123941048372,286.3292343909487
74,254.9952890887023,239.59845729464917
75,259.9379649552772,245.17015702006717
76,233.7530009237322,218.71295752076668
77,218.69354538967912,204.56127875132506
78,226.31211725265968,211.94929377307483
79,173.08644772503658,160.85641017884643
80,326.68852702640766,308.75943847595437
81,205.94530311399444,192.709972178572
82,184.8302018844597,172.26074229568496
83,345.91794864063786,327.5628502385387
84,273.5805207495534,257.25759686765923
85,236.3915109642386,222.09559148271757
86,116.2873692917986,105.72240462922377
87,357.36822263609145,338.5794210266728
88,270.94439658837786,255.23582413490846
89,236.61252892269067,222.41341481468538
90,210.2472506213955,197.28008005395952
91,354.2145761847106,335.67497065010343
92,333.0320416850843,315.64834417665645
93,232.08940992416893,217.83884891407905
94,300.8265283212579,283.5196595011004
95,120.83463010472252,110.52928036226353
96,238.09764594195644,223.77712836687152
97,200.9717722131773,187.1084922488567
98,118.77249143220706,108.74798493877228
99,286.04384303039063,270.19246704739373
100,249.063291927669,234.0124395896023
101,355.9844766345501,338.21925289085414
102,233.5197970260936,220.05544469746957
103,248.05887203100338,233.32168715042883
104,309.4279131907458,292.10009522948303
105,249.89986654578155,235.48173408576002
106,277.5246621597155,261.9352155817436
107,254.1640510238451,238.86584493311886
108,128.97869709458377,118.18064114981274
109,343.6208593738585,326.39082466169907
110,221.65820927900586,207.49233873579482
111,210.52030559160653,197.85713669119434
112,381.9434790363465,362.8211249755349
113,296.37294140399035,279.8482395197093
114,387.55104253026025,368.44235892934535
115,400.7726228243614,380.4021665465185
116,251.3691587223991,236.06380773938042
117,184.58602685914235,172.61726521635575
118,275.3510670470287,259.8373372903999
119,324.2679923745096,307.0154148927656
120,290.58329393271663,274.12093411805955
121,228.294755837455,214.42022479273146
122,309.59574535254905,293.55096978294677
123,380.4698091112941,360.3885799571634
124,327.6327597811852,309.426935214585
125,265.2077699624324,250.60473757677192
126,207.69026894959558,193.55811644548248
127,194.28917125578232,181.18120106068318
128,308.2184642326216,292.04749185818775
129,515.875846402979,492.50599876714443
130,329.9078095841833,312.31943068607404
131,367.79408389415437,348.816273317467
132,293.2754254626769,276.475441871078
133,169.15946698564926,157.06622515514988
134,333.4061880760053,315.5914392525989
135,366.28386994467746,347.67218090886274
136,225.8940546325286,211.54579429422705
137,356.9200688530617,338.3907224319777
138,316.79489893189225,300.0464892337801
139,305.0248998856849,288.61682646638843
140,146.6245664709108,135.87368143939284
141,187.77401852332514,174.85816774903537
142,322.38533121035584,305.8253628968991
143,300.06578242148595,283.5169455365165
144,251.63125828864537,236.2819422788299
145,290.5134681795434,274.9940812066903
146,353.34511762154966,335.14931302135653
147,166.6456429238857,155.2321618830481
148,214.8653075933144,201.28441496496248
149,156.5368823431221,144.50016297661574
150,300.1550757948528,284.0908160430657
151,421.05224586805446,400.11469165079427
152,93.75756695022676,84.25610283384111
153,276.78261767374164,261.428029085122
154,254.50196505865796,238.8784742980481
155,238.05792427350218,224.19164321660372
156,186.01054056180703,173.78314722892202
157,255.13372722196237,239.27922013822138
158,289.3359170002247,272.5686610284049
159,315.2351517304314,298.9590935527647
160,360.007973760346,342.03292250412375
161,287.19263132680095,271.40574199313943
162,283.1189339171469,266.49857584404083
163,293.3033887766416,277.4081367287393
164,141.04005067956643,130.10051816355622
165,328.8578011683205,310.7486418197724
166,214.94098337328785,201.56646358591627
167,253.50788177112418,239.173073699707
168,255.44292609750096,240.83170208729973
169,273.84787872684024,258.70002577446564
170,303.6652036226559,287.1999904976821
171,250.70677557030655,236.71338739022076
172,263.4481619975387,247.5827016311061
173,309.4449961052526,293.1616280339698
174,332.64783276272067,315.76520676056333
175,309.8254975932156,293.1805264929105
176,286.70382165603047,270.13275878129417
177,289.604545124692,272.65375737545185
178,218.1898221236478,205.1549824036067
179,295.5441895362121,278.97868741960707
180,271.95553908962376,255.96789983020676
181,301.8192908757484,285.6273888059309
182,256.44057640946204,241.2720769326802
183,166.47487934895173,154.54482434339667
184,349.4194587213799,331.2558992937858
185,246.71541882043692,231.25866659556186
186,101.28903177557999,91.03752269179421
187,330.8543796529159,312.43182600115034
188,204.0094964379685,190.1797371889499
189,248.8104682714025,234.2561106558888
190,216.59844650083397,202.53916228102548
191,159.75675898902688,148.16523307694837
192,218.07399096109305,204.59033337965502
193,270.807591591319,255.90498586099278
194,230.28915672780596,216.90250838000173
195,312.64888179221293,295.87072374433336
196,306.5795477782317,290.29149262197853
197,265.80027424075064,249.922548103358
198,321.5894680804338,304.53470104045846
199,382.908889116718,363.33488716943236
200,242.83050982705714,228.9721507142741
201,260.6617756787144,245.4507359301245
202,225.3446189881683,210.56264532789885
203,210.8452996634515,197.47411300207057
204,174.9657082296888,162.70504179122878
205,296.45452389920683,279.6483014435976
206,264.97306281569996,249.68150976718493
207,252.82826346820372,237.15857132485377
208,228.32582826723382,214.58955414902073
209,258.08339705218606,243.65887133774316
210,334.6444979423871,317.1697959582193
211,238.42821308131323,223.71299709951995
212,129.11240599196833,118.3096923201735
213,368.363654443124,349.95819512177053
214,251.2248513492994,235.5065093012521
215,358.0671720418418,338.83600465887685
216,294.3555033315575,277.448225743777
217,300.57769559496154,283.9761914680692
218,501.09483118464914,478.1005384064872
219,436.439597592014,415.80206353352276
220,328.9700468542559,310.5434639549234
221,271.7556810361433,255.74016896616462
222,387.56203207342355,368.7316443123999
223,383.8319065523351,364.2605862797734
224,278.33959527568436,262.0250639922809
225,351.23104329016064,333.56173493539814
226,292.2443897166924,276.31635805880404
227,254.2509418592951,238.5665257850543
228,265.7725536770278,250.10480217491357
229,253.94645291821865,239.35252346798308
230,350.05013156684834,332.35229040928914
231,201.91310980372805,188.88790931096003
232,187.6228222209944,175.26959566211747
233,338.3598572556499,320.2680436998183
234,281.0014561965889,265.6044095723665
235,278.12248702370243,262.3728759874276
236,346.38765847066475,328.5038854582577
237,267.8398012207898,252.41355098819952
238,201.6015139242121,188.41299365992688
239,124.65694030784755,113.93976237149553
240,278.0833206167373,262.404743600379
241,284.5494750454317,269.1681731088343
242,282.73947374875064,266.09749927464543
243,339.8703410645944,322.17876287903897
244,351.15151457900015,333.2411327671211
245,246.94756078494476,233.0851242216675
246,379.8501468523423,360.5568698407727
247,245.04548883468163,231.17964096420963
248,337.14980245646393,319.1001409566941
249,277.34751880312893,261.27655533141194
250,166.10922810287644,154.88860714413818
251,82.15060667069548,72.63545108154113
252,130.97378185927766,119.65337465068308
253,368.2909504368513,349.01715293866494
254,227.84883294329558,213.53698272730503
255,187.07550230368088,174.91551570410485
256,227.32020653373615,213.61896308001502
257,368.9527887706149,350.87515537721373
258,307.8124767122524,290.9937850304122
259,392.27349965452015,373.34865837489156
260,227.94171165001893,213.62662601985102
261,63.19354750396849,54.3735927250481
262,348.39620427359966,330.6514728989725
263,392.402360622227,372.63699451603793
264,235.15094109423262,220.54988833266844
265,324.2151212453788,306.92955068820595
266,245.362199440584,230.92796169168298
267,191.0886233050843,178.47532681709885
268,181.6492467070563,168.6680726733718
269,164.36256717584735,152.29708521662064
270,305.6409015984189,289.62938785091035
271,285.6385496609789,269.06976052524726
272,156.3125011465272,145.6073216906139
273,149.533974959121,138.43789734424746
274,275.1630535308912,259.5165338641838
275,269.98795253733016,254.1385234902889
276,146.6029311313373,134.56391096636668
277,328.6727369452983,310.57002427793276
278,269.50156956344466,254.36578023271755
279,259.95742390382327,245.64179093992823
280,179.35271001747492,166.45153545435318
281,190.97904116491543,177.35935181431637
282,337.74008936916823,320.7149102941999
283,187.70076306455525,174.96163829363076
284,300.35942584105663,283.1036632898344
285,239.7541020201616,226.0725787222624
286,283.31057699500394,267.2060655526315
287,262.23352025051884,247.6644256902381
288,244.192838016778,229.7296651123334
289,405.8420970277257,385.0512026394789
290,253.38380476129356,238.63530090353493
291,289.8446671653914,273.5125417873862
292,176.13315344318943,163.06545293478342
293,349.01548724012935,331.0053394207503
294,263.5162348374719,248.0315863209018
295,239.97498011399836,224.7878647737628
296,342.451275959016,323.6595812010173
297,276.51256040414455,260.2965084065333
298,246.92955785554977,232.89357425955927
299,225.36560974331292,210.86158353239193
300,301.6446231712816,284.41376065122296
301,204.05478410963235,190.1886124398158
302,219.7022799658991,205.39553489830627
303,275.9993706490062,259.9753696922185
304,250.6824117660571,235.50548799517242
305,339.4869476077246,321.84355970131065
306,125.51702790174085,114.63054962885849
307,296.9437053778207,281.2003221702071
308,157.1255627730559,145.93920763116853
309,222.79415808971493,209.5292574335254
310,187.64708620628852,175.64136273903273
311,150.90925914760282,138.8944029298902
312,380.24439939816136,360.8677190005591
313,323.6280827618004,305.84043910656345
314,245.000400266962,229.67306009056728
315,234.6670771922283,220.98858538962025
316,328.8546596567818,310.57143558052087
317,202.1835210220886,188.20836032646537
318,307.95792653483585,291.4476816239437
319,141.1581562415053,129.34363872934313
320,414.06793808798204,393.0601675701753
321,141.42186292390926,130.08584688654986
322,150.87528041076916,139.24479099248651
323,137.59631427426734,126.56773474449813
324,233.2715114752719,219.0842766528752
325,383.94840994404467,363.88534364249153
326,251.56817203384293,237.12675926418746
327,210.8962238526983,196.96590593815296
328,310.71369715885083,293.93328127854085
329,314.12535801672556,296.3900615260486
330,234.91065253038556,221.01466682762003
331,327.9882433276501,310.57123669531245
332,242.81718004058536,229.02895493337547
333,227.92521176646437,213.78487506871426
334,378.03368898184135,359.29137562853134
335,328.0050015075679,311.2841077538043
336,259.44116736974087,244.48165630104535
337,274.30466732831394,259.10606738924037
338,315.56837930112914,298.47951205289723
339,299.00216686286944,281.7936842006053
340,304.08457102404645,287.5002448089087
341,238.20858937899197,224.5112340901435
342,206.6422179732001,193.69612361662922
343,265.4792267185813,249.82169321188775
344,181.03998261938142,168.18453669509108
345,275.5042804078123,260.26389214823183
346,192.7459821050154,179.48275965117608
347,274.53249611048983,259.67430811746607
348,170.96244107016832,159.53792441901675
349,268.1407990105377,252.14670625283486
350,235.56425182149928,221.8893419234417
351,136.1410796217852,124.91934912072571
352,316.033881614251,299.1726424974205
353,204.20048648509595,190.18989996806505
354,258.0580361898731,242.76352310811473
355,175.94823649951314,163.89718767993315
356,359.3126447387406,340.17743085257734
357,270.9518125132208,255.73066938012613
358,389.73301503124094,369.5381126459715
359,248.62166869496332,233.89971371930176
360,293.74366293225495,278.07691783439134
361,221.06652634579262,206.9561018107114
362,214.54523148406486,201.04515831801348
363,121.77528252730582,111.01914732723122
364,240.50848281818912,226.20848864174633
365,342.33209602511556,323.57938771248166
366,288.04217010939465,272.53920072580115
367,298.74020483961135,282.272379059819
368,148.6268310897501,137.49268401478548
369,289.08044838651244,272.07824779458485
370,301.15780739723687,284.0135726877477
371,154.51859513521674,142.90053078870903
372,176.30290851217973,163.26412944675332
373,294.46133267202634,277.58520336926125
374,184.80923342363963,171.7179817824607
375,372.4108692891399,353.968930414193
376,330.2438985950843,313.20116941019575
377,327.8245131838712,309.54233925494
378,258.13272646384064,243.56714303822054
379,273.9132993331039,258.031635985568
380,294.3134002285298,278.626808427468
381,341.0486234586664,322.4451291947523
382,352.3874328983615,334.7126767378163
383,331.6324966257338,313.91436887898294
384,217.8256494226854,204.28097311240668
385,341.0489935696016,323.59503588042236
386,249.63647340976235,235.19268137312758
387,133.749450381143,122.50652738667577
388,304.7489535933792,288.87301520213373
389,246.2646577266671,232.3911751445869
390,197.03621223608076,183.93705382602388
391,305.3439731492008,289.0989590280035
392,180.34799105702473,168.28301685445348
393,387.5983503160011,368.2790097622127
394,217.23680221230603,204.37450011049333
395,275.34064239515715,258.95640497082616
396,397.61035112553793,376.9668688963336
397,244.66106689560314,229.83323499318323
398,144.20287954870935,132.76998726346778
399,182.5769169490457,170.67814231314622
400,133.28012393429964,121.98388018322856
401,171.6684887525683,159.20916691067578
402,408.7966995703006,388.70408324183416
403,339.3833445409108,321.3603824741311
404,263.73344911635576,247.89288565331617
405,309.2377050212168,292.0210174266951
406,193.21887601984469,179.97401521811196
407,344.81143952406717,326.39038168449105
408,238.86566825714084,224.41389225642257
409,231.83766299106395,217.21268838735386
410,253.42119481033257,239.12424129700946
411,318.1419709693907,300.9634530868624
412,232.82594708118881,219.03741657558936
413,153.96936613307923,142.8232869073069
414,197.99277085346154,184.65128189024853
415,208.12247710465095,194.28878219304994
416,268.56119151884616,252.90080278207694
417,250.29742349488748,234.85523206710025
418,272.2789765317531,256.8374277008339
419,344.0289702676424,326.22736176334905
420,267.4315337339567,251.67115710734248
421,320.61409798053506,304.15066511203656
422,381.71596058943214,362.21834893974585
423,282.77316851093735,265.9906809560479
424,260.0881249624861,244.4093805875491
425,303.0684030313244,286.0666220373254
426,277.85919213362274,261.4568911160881
427,341.2969460413326,322.82414083127554
428,199.48436568091807,186.85728357361745
429,295.41870822255026,279.3452648793428
430,458.69846092443674,437.18103859645714
431,383.8226165946454,363.48525362454427
432,353.3179823811779,334.73993987670485
433,327.6229338141316,310.6018358332816
434,376.92460218031295,358.01191468570505
435,317.8933758575795,300.5145087500051
436,191.23032503988077,178.9952755515493
437,305.3438170853614,289.13364323296986
438,284.2297385345619,267.7100250982291
439,273.93794739139196,258.15992992992216
440,245.37378147914535,231.60100208648663
441,205.19378824902702,191.14860023157854
442,242.8713779990493,228.66324692686555
443,332.0566803696788,314.2192717562786
444,222.46154572782706,208.89471807636795
445,233.09773009599928,219.09072308055522
446,333.6032745868081,316.09517377897265
447,316.3632410261174,299.90854671756944
448,286.3465346558389,270.6587886225568
449,366.26641130048927,347.690165265966
450,334.9504853030421,317.3954546357691
451,398.76007128408855,378.59906123113535
452,97.03934153498011,87.2842180217379
453,354.2812707495249,335.42582842980096
454,265.1371082138188,249.9791800007552
455,403.19086161205644,382.6316618944222
456,174.55391472581067,162.48176720676076
457,292.71041774522655,276.97516107318324
458,293.2842407036138,277.52899500501763
459,328.2339490605262,311.0870619689616
460,311.3177857728859,294.34215240524213
461,184.53198270288084,172.70444300860942
462,305.21300091773077,289.00738402460706
463,277.2736122714031,261.2748929860244
464,280.2351636684359,263.85460057786656
465,299.32614098802475,283.46493120300147
466,358.79098323449864,339.3952626805934
467,333.0409166602308,314.92537851422156
468,216.5504809416883,203.01539007931257
469,398.62750283303774,378.47111077985153
470,218.22522168320302,203.8305903638639
471,212.6974832479919,198.84375809378844
472,185.60489832449946,172.7297736563305
473,364.37682348936187,345.06519978544
474,228.87848463124732,215.15779365359577
475,251.10809759530946,236.2298586210627
476,411.5438697258029,390.8330337003164
477,184.7155707896025,171.94109536171044
478,400.031177746156,380.3484113979216
479,380.94784117391316,361.0241340147646
480,129.17397256919423,119.20515021235775
481,243.794821084872,228.61398155421205
482,230.68089557661693,215.78270328072205
483,263.80460739577984,248.03123481070247
484,256.9664744597118,241.2571329272959
485,248.71821929279656,234.75926730490448
486,315.6279949420289,298.11903300476376
487,372.7092100670245,353.4208425647431
488,344.7390129352557,326.8778353813279
489,332.557186080615,314.6675076023369
490,319.03783566193,301.68877115363813
491,100.2786157843089,90.44548752800995
492,288.8044151872139,272.12534365663925
493,181.2458510136741,168.3135640336866
494,272.7454828741101,257.39218787000993
495,424.9017723034141,404.73582611920904
496,286.52197283421106,269.74823563860696
497,244.90153579000196,231.04070249970738
498,240.25873867285867,225.93260945950027
499,172.20418780824787,160.0745533030427
500,162.15934582185554,149.71775988859565
501,245.0746881775326,229.64025569718342
502,281.48004780757753,265.36963287786125
503,209.448343208918,196.26515862082073
504,342.5581529359316,324.42459695097403
505,282.65320151201524,267.1986166166482
506,350.9532478346906,332.3182411322998
507,156.27772249780077,144.18036125636132
508,368.913277923519,350.62801188976374
509,258.86040576876354,243.05025462436987
510,259.55073263702354,244.4829003835668
511,311.7577287053833,295.5679711434495
512,305.5632996046265,289.2758104507768
513,413.0236270569361,393.09727990925796
514,294.8834028021973,279.35112921878425
515,157.85640654051218,145.6343824404181
516,342.0256288999806,324.4331457857581
517,170.7373897102816,157.92731939159756
518,223.62286366836827,210.08525136584376
519,216.02792310007044,203.20773209946157
520,170.38318087335688,157.75962352186377
521,270.2420653944056,254.41861920093868
522,349.6016422236896,331.67558029077264
523,341.32908998237804,322.85516504352364
524,232.8821297146165,218.81296343761596
525,365.12144665872313,346.8985987666732
526,166.6277520908323,155.59807742999368
527,321.8415338183836,304.74315127833796
528,200.02497613844002,187.10038329770123
529,211.40824268922228,197.32074935495513
530,186.90572858281223,174.4381425312069
531,304.28933878246096,287.9765581755733
532,218.68705491934452,204.86852786656925
533,136.1098600815842,126.03876657546078
534,370.7564802917111,350.9091088215082
535,269.8431576432598,254.31228599321116
536,280.4214207306862,264.31304806536446
537,205.12914168178781,191.36488427545572
538,421.2091367754016,399.8132644691618
539,212.57699108139354,198.7274632516128
540,243.80745533838785,228.83518468971346
541,172.17546649507182,160.1165021566921
542,385.48498569273795,366.06508967955085
543,414.57291420411934,394.3487540719734
544,214.79030766403764,200.72433999277484
545,309.29852270968144,291.87070754708964
546,103.43621941240832,93.31892240136233
547,253.98596376293625,238.48495231799853
548,397.16138706562674,376.5683792565279
549,225.40119730663764,210.96560107361069
550,212.91395603431874,199.36620357802855
551,319.8584006483153,303.1077788785577
552,232.37192348373333,217.7283380053309
553,395.1271562096141,375.4758813000442
554,342.3675517190874,324.5193139543486
555,189.5307791434796,177.25042855447293
556,279.4702380752664,263.0814862071458
557,205.34509969465512,191.71265875654296
558,199.28184273162378,186.66181547730844
559,191.54372568646335,178.35721846575183
560,231.09167432122877,216.84103443124695
561,235.99444557554335,220.8414869915664
562,192.29887881555987,179.22540529159147
563,159.21084689290927,148.16086022239728
564,345.30137013412616,327.420602961456
565,172.26596112949557,160.16900959334924
566,233.1903092586714,219.73743458118628
567,370.476679732785,351.1964123857126
568,259.54182771405016,243.95178317687078
569,236.6692415730251,223.02550920692295
570,132.05876590943717,122.16362642197493
571,308.437290968207,291.59683398651185
572,143.27379984860585,131.94294156365157
573,209.7235988285451,195.48578078664235
574,411.64140682688264,391.8328787538828
575,310.1069369828826,293.59150131801465
576,345.04052283864326,326.61148492021016
577,256.48820009635523,241.52705065051322
578,314.05115409840835,297.7815054474056
579,206.3701447244747,192.42331785581473
580,260.63639442104943,245.28689949492275
581,271.8428377014786,256.48615135828874
582,234.446854865079,220.39285131448742
583,287.31573653657557,271.8380723447032
584,194.84533147354347,182.48435384215804
585,398.5740845371008,378.3847184689497
586,169.53890897138695,157.46728417527663
587,154.84010757031132,143.73336587725066
588,106.14633218635453,95.96946368353179
589,260.36936820832443,244.47181777798102
590,219.0604467881438,204.63672054230113
591,322.08293772129946,303.9659357786728
592,343.5955373271388,326.29671503953534
593,316.20262661889575,298.7781519805493
594,227.20053742495463,213.3292884628347
595,224.45812862795162,209.9857143695433
596,122.92548336668261,112.75630809546738
597,116.49432624426925,106.02665676799614
598,319.1717614745846,301.99220584480236
599,246.04013262363867,231.9306275094437
600,224.71382831000983,210.92920344300745
601,339.29138017033927,321.9683183139523
602,215.60351456795183,202.7284381027102
603,212.69764828734196,199.43610953393807
604,106.60566919505362,96.30829526749721
605,423.66246110313534,403.64419061386343
606,160.3484559087707,147.79577786029347
607,154.89169416279202,143.92249478882331
608,133.9181447399347,122.49517114402045
609,231.80541113756914,217.28606451881274
610,140.22774869154551,128.37597210570544
611,202.04805603585925,189.08782437841512
612,389.8974906296892,370.9509127290539
613,287.328327861643,270.9445194120224
614,217.92387543716706,204.89829992536306
615,338.58030983030807,320.96850449887097
616,383.34442976062235,364.6261266367279
617,249.62686070958705,234.2776978887008
618,216.92696542321454,204.00578676930894
619,175.12718135680922,163.52275184365106
620,331.1874340098748,312.8229481301179
621,279.60858255689806,264.2252216200483
622,299.40436494001926,283.26175157795785
623,382.9542248466413,363.6921571279373
624,228.98310737640577,214.10922241547968
625,256.93477717908513,242.16708028952434
626,288.3652786330428,272.3982009976725
627,275.032253740077,258.6239241504957
628,260.23304990273016,245.48979756519526
629,286.3937920040813,269.69418963090123
630,361.2364093760681,343.14889610642547
631,225.86351558033323,211.4118145677507
632,377.3564455563085,358.18487104366056
633,171.66018315527964,159.09664614043191
634,102.94208463983023,93.78254120414294
635,342.6102713120756,324.37039529517847
636,214.06050046990578,199.98512067754893
637,261.17754232125554,245.4608482752687
638,341.2010709939002,323.7069808807935
639,212.7831012985353,199.1005678156357
640,259.08619356991255,243.12883781592723
641,258.6224337841377,243.8656173243749
642,287.94089789010224,271.77959449267547
643,236.27227732529337,221.7366675011586
644,191.16440624651767,178.09561705194733
645,282.9661093878355,266.73425808741575
646,186.80625157301023,173.68026897175002
647,229.57713799569711,215.86694437757365
648,325.3216893254543,307.50988400185696
649,230.8866154196878,217.3049805367765
650,261.1938969676998,246.03399052791548
651,191.59202556581317,179.2747066356045
652,194.92669247141504,181.51783567286623
653,104.12742362678449,93.67253514167953
654,457.06851483638366,435.8865500659026
655,248.00084347238447,234.13655081562325
656,368.50061980432747,349.5678668323575
657,331.6988713786049,314.2919449695985
658,251.8847841353188,237.15366357740425
659,193.21212126935808,180.76869691223231
660,346.0641676628726,327.18145326042634
661,270.1486959788709,254.5026764550811
662,237.7147643181458,223.72109785136837
663,226.71298812438727,213.31157568093926
664,351.9477851543761,334.1838395522406
665,290.54476061454574,273.9444037721746
666,304.87909466997104,288.40643068622325
667,418.4215688655437,397.9588369964571
668,225.37088713218844,211.3891995695322
669,327.5209218836529,310.78205613008333
670,140.7085862032148,129.36258220849044
671,246.71128702350956,231.8817057113535
672,226.62566073739816,211.86873186725956
673,261.9013309058669,247.4831474351073
674,281.049550135762,265.1979753467063
675,161.68379013906298,149.15426561124104
676,226.78065116172104,213.02853336423038
677,202.34888060949015,188.57696863445125
678,257.00444601325233,241.36345141283107
679,292.03500205117973,275.5917418922938
680,216.55390292512368,203.05352769087676
681,304.1119065175348,286.8996010927985
682,377.94889538334905,358.8960223096939
683,280.14494640134086,263.69785634944947
684,217.38688535274304,203.36980566240777
685,283.7986282869063,267.22426283907794
686,375.1325871777236,355.5507927459862
687,218.7278165166985,205.70907068451942
688,282.0241001770454,265.7553939448577
689,230.53183909912144,216.23103131054808
690,287.39222177021486,270.8668482576087
691,279.10035780090203,262.4806468236911
692,219.85176934891996,205.53981684373178
693,262.6620304478552,247.9386694772984
694,334.9100217513276,316.5551994810885
695,203.56828834959498,190.52026482202365
696,197.7942896919124,184.77322827781904
697,308.4661700456983,292.3214037131423
698,297.3817937576664,280.78711383843296
699,374.59225528207867,354.99444838899035
700,206.11758893557266,193.22460477592057
701,197.87330234193462,185.4068458529939
702,254.5994174334873,240.4355948943583
703,184.1504280003445,171.36080439442088
704,185.65385201514135,172.28933440049275
705,199.12013387318785,185.32135542001004
706,203.31358346634147,190.13509321128407
707,313.0992220175378,296.5492202698461
708,178.62419450756818,166.09674598357805
709,337.50149888881595,319.5789254321801
710,102.78701737320722,92.8665093680973
711,253.26847308337477,238.28014295884418
712,325.2921601979087,308.3870891575693
713,144.91053242620097,133.10464084813037
714,290.85176679208837,275.2160907467393
715,164.78119222951437,153.2933196866441
716,154.33228797603874,142.02401696122433
717,263.1196868587732,247.1959992040338
718,351.805929886911,333.9772561245391
719,318.6885491956506,302.29219249625163
720,356.68577204799635,338.2690918138808
721,229.2585196980159,215.87293858600805
722,303.4291493909341,287.0418288402436
723,353.14405475650733,335.12942830924993
724,307.2710177980214,291.20271922599176
725,250.63771319240686,235.95003414171487
726,278.8445432620725,263.06977951778816
727,312.31367017637143,294.88532735431704
728,128.0785091696339,117.10280212622172
729,373.99968135441156,355.7114054716269
730,240.6277134334611,226.0797220520879
731,331.1249360788141,313.63349811271024
732,243.75444873178697,229.72456503276538
733,225.18019900835122,211.2748236992158
734,72.2860394178881,62.87067054873512
735,366.28528209812976,346.837507893832
736,199.36371543390544,186.07897434311843
737,237.73528798081202,223.07904476107262
738,124.96114795856846,114.05919883796412
739,273.4036987680683,258.306153582438
740,206.2000048216433,192.78162723319565
741,250.07007770411803,235.61118113458394
742,383.10979111644485,364.2951570933384
743,292.440191232672,276.3311647000605
744,260.0681014999267,245.64410860348238
745,302.7555453810808,286.84454253366783
746,353.00490207337043,334.57710499832376
747,329.5127670293751,311.72914037834425
748,137.02211307831067,126.74506723024678
749,394.76834891817396,375.6520954856679
750,289.9678345020397,273.422409616423
751,230.51099167225698,215.5838831180376
752,260.6014918370529,245.91507455120205
753,298.01738491615873,280.7735373032115
754,215.32415307117583,200.89124066117466
755,453.1912328662181,431.4824707485203
756,366.53427896442236,348.2622152958674
757,321.06191600493923,304.16486548246104
758,343.0279720359349,324.5645364902619
759,345.1181765220946,327.1044515387944
760,217.60277513496766,204.27487160722484
761,226.27999437706092,212.26663821594303
762,281.1186511970385,265.194999619402
763,361.2933077061666,343.16897756038605
764,203.94923052166763,190.8531021050497
765,257.8460288541505,243.60394598283142
766,320.9072052585254,304.12004855600526
767,304.1234759503751,287.7119686503916
768,150.68676018152593,138.74932434269033
769,383.19665677597095,364.44866646687433
770,263.51348140522674,247.40190182174155
771,312.91157742526644,295.6017459338295
772,293.48694437688613,277.0976105475494
773,323.98030159426435,306.3893974491373
774,244.72479275576586,230.03408030308327
775,257.24632068780056,241.7362397530345
776,245.74438822439885,230.4956358492821
777,233.87551501024979,219.42339599953777
778,289.7181896022676,274.2961756900201
779,368.41315569875474,349.44861469189084
780,219.5200623378156,205.84669177301367
781,315.4921257080439,299.03294172320875
782,209.46460822855948,195.7931693983565
783,254.29824238461526,239.93590223373258
784,238.87605120077353,225.0161056618722
785,227.55153779514058,213.14553930874962
786,336.9167950874118,319.9202953307216
787,281.96585156425937,266.81388904787167
788,235.58819357771426,221.1460833609347
789,233.74757505229366,218.81222515569436
790,221.63965074992882,208.41496716336542
791,241.62591436841353,226.55546317194813
792,306.1320062048101,288.9886702755335
793,294.22344779289017,278.2961456434065
794,238.7412439978064,224.71182028347926
795,228.73249859604653,214.7382143586716
796,148.2267018427957,137.03682353837013
797,264.80500660685476,249.48447293585178
798,214.27484004976247,200.0178196123353
799,451.3776951287025,430.39396910866174
800,227.0948048454386,213.92393570696174
801,367.2228745290579,348.33463159953556
802,360.5149210747562,341.7210092498209
803,181.59849884835194,168.5145881107731
804,362.7098184368789,343.7001084009204
805,366.50712161717615,348.09666464086706
806,254.54075286538932,239.8216165790853
807,229.30283275787258,215.77636867846138
808,357.9010788016469,340.06909054278213
809,248.16910317979892,233.42807841563655
810,240.89924262861672,225.88893975272742
811,350.8344057336026,332.6563916964043
812,285.2055075550973,269.69684833896656
813,259.7899983690146,244.60932683685303
814,262.8127583136059,248.08414676311548
815,278.65248811131056,262.8147449113084
816,229.0979621126425,215.23028634433
817,234.01492282519206,220.21980938123238
818,159.49039264955422,148.32616355243158
819,240.86903222417948,226.1732952137968
820,242.97739462306015,227.61602101206574
821,216.72568979875535,202.31362475651542
822,291.5819006174036,275.67694665622145
823,226.71106445159666,212.64785720435395
824,293.67670223250315,277.07174922599074
825,349.63510213301004,330.9415083181033
826,254.37480349135313,240.21880534124148
827,321.02883722464526,303.08789402549
828,174.32786441126615,161.8107384965004
829,183.73909901987736,170.51095116950296
830,327.74465521722607,309.50009795952275
831,212.36345258231728,199.21805997731366
832,148.17483094852213,137.50928204322372
833,290.7996881174665,273.9814419241816
834,220.8349746087556,207.8124959424049
835,189.19909678146706,177.27864861541485
836,216.81074632225102,204.0329554706355
837,287.9618629535381,272.392021391559
838,324.47509536164546,307.0062944879772
839,286.1169782503815,269.4966883025994
840,349.3581777715225,330.5000564085808
841,135.3855003977348,125.2351353427137
842,259.87974203182176,244.80044879125626
843,319.9000631749781,302.69513727756373
844,222.28791188282008,208.58779340784935
845,372.43566046378635,353.26132651311684
846,307.2954761311597,290.2857850837971
847,408.9354682001589,387.7581380869452
848,382.8436248548744,363.68991436538556
849,223.29933671822744,208.9369584464169
850,314.43387313314514,298.0463880316866
851,341.4026831930659,323.6925609587134
852,299.06841983198444,282.27564724682577
853,197.1383872015706,183.89633021432837
854,440.66487641842036,419.4621374922102
855,232.5945963348329,218.63995073195588
856,243.00300353945119,228.0587558343248
857,265.64200606894985,250.98901230897127
858,342.69259565503376,325.2510530274577
859,237.5636326849061,223.57523086323505
860,202.17821314121727,189.4572913092657
861,323.5907633238324,305.8044196849604
862,162.0687227509814,150.60566896294893
863,202.01634720198587,189.23139427819416
864,308.3811679194355,291.3336569806466
865,293.47780748621267,277.40230543006356
866,327.4235130805167,309.8171697375713
867,211.11809676114302,198.15542524677608
868,225.88373508611136,212.7898881920106
869,281.42999826044013,265.878684115877
870,162.50086970298855,151.0575969806813
871,288.14345590598776,272.7762975780431
872,207.13136496847733,193.26252561728188
873,155.98054043099222,144.76440228572932
874,446.90259935291647,424.99488274117596
875,383.4211230895198,364.7001483663711
876,235.12795732318995,220.3883658680444
877,280.5330465570779,265.39616073055475
878,189.49095879300614,177.07265600983982
879,246.4428993055634,232.63287737266103
880,106.23623959726535,95.5685515319833
881,256.55318215268636,241.45042973841407
882,270.2859776528344,255.26220292721325
883,339.13279362263864,321.32756844918015
884,239.1694836091574,224.14976693401735
885,423.75265096580995,403.06937691317853
886,346.97350066987667,328.96481544563335
887,429.438825532857,409.21933635709433
888,275.38998111184634,260.18840928142646
889,294.88519572676796,279.17868552538766
890,242.62419387180285,228.63368241133946
891,332.3010298080398,315.01246664048944
892,323.107399793582,304.91987605407223
893,281.0469487156801,265.4393083730935
894,376.37786930773075,356.6830260170723
895,216.26746652534712,202.2545467698434
896,298.8528306632776,282.3810815817998
897,392.8552434769649,372.3077349607996
898,277.25072049178823,261.2527986377146
899,145.55063047281357,134.14045917478
900,258.49271164625617,244.08876235889932
901,389.57498716807436,369.49009415396904
902,208.47505512581228,194.454904056214
903,329.83341589415113,312.8049858053314
904,396.25752064581593,376.53203484827054
905,222.83788950180707,208.56125533111418
906,274.834607155262,259.72205134820643
907,317.2302454339285,300.3273311840122
908,285.65736208312575,269.8542839314806
909,248.92953005413563,234.7890429295585
910,251.25278159982253,235.5334666061808
911,285.1532172970807,268.8800132916633
912,270.0363718555263,254.115586464957
913,237.73152794278468,223.00574603864334
914,304.0769135017014,288.05021135264025
915,281.37758153479376,266.280946138606
916,234.7906798002162,221.14271715382915
917,101.4353256748617,91.80574744988661
918,373.6478318807042,355.1976384536074
919,199.05212164200128,186.64910567741833
920,142.1039969810323,131.30157623572364
921,201.36608520238644,188.56894921398504
922,204.197093768346,190.63947825655953
923,120.02701809461422,108.87893057242735
924,275.3469959839298,260.4604350243672
925,295.61743845870075,279.362898219294
926,180.57745861861986,167.45944598156825
927,194.68175726376592,180.96791925097887
928,350.8043499056398,333.14990534339114
929,344.1095133974984,325.32972388103303
930,275.87637521751327,260.86686892405595
931,245.48513658852465,230.83760735059718
932,227.27214370889936,212.91071270100974
933,249.17838107950354,233.98418030073515
934,193.80960926225464,181.27570184637017
935,259.19993779302837,244.1443254191508
936,253.97928416888806,239.59322004162823
937,319.126323433621,302.36636861855504
938,142.99502951298382,131.11652482836507
939,258.1085438883075,242.18524439707608
940,252.69451139849764,236.92497398902782
941,237.4263830305784,223.19891845116905
942,204.45367242833748,192.07150334178135
943,378.2001190734111,359.7306868145484
944,411.93655978082086,390.8636961396221
945,256.4936721515524,241.77617591402174
946,310.8584620510494,294.6303606275593
947,342.4456912486943,324.52506184184574
948,209.65752456054292,196.2232093486948
949,287.2713408443704,270.9940220249868
950,282.83541679875617,267.5834934585128
951,198.05970512275093,185.6564249888874
952,308.2186001082745,291.0025780301921
953,279.6876720125127,263.88353801955896
954,287.966987310916,272.0137840869777
955,344.16828169653195,326.29215063727287
956,216.0352787567374,202.30912588201124
957,399.01806133430705,378.3952114206817
958,320.8929209762068,304.1759315289626
959,245.74485199052992,231.85464192177352
960,216.61248506174832,203.52808711677068
961,235.09417773924412,220.21642366084967
962,337.6440405029937,318.9501353214671
963,196.54342650388747,183.11308587871417
964,208.39769193357398,194.97242794772484
965,209.1481124294108,196.35856948601247
966,290.90538757830717,274.04862452967654
967,397.4123869414732,377.960185061267
968,240.40780307220126,226.45966438131177
969,117.58651442038791,107.28980774619572
970,246.73730276539192,232.4293376844504
971,145.30083891484685,134.10837805794563
972,347.5995495664288,329.84773469261705
973,207.19919039876646,194.1988591687803
974,252.7161371414091,237.50320372038004
975,307.0491381547984,290.8143945612015
976,194.51287099279193,181.71062174599064
977,184.00119520216435,171.59995325157524
978,282.7858656655988,266.17710996919595
979,252.7116388661351,237.3246879800306
980,267.31555047953304,251.3153702837052
981,321.90642376568456,304.3180931423303
982,279.47523563667954,263.78300632630686
983,328.0346252374176,309.74513209032676
984,327.96144985654263,310.5802114026271
985,257.6522299349278,242.2673485489819
986,298.75698974161895,282.3930837596235
987,160.0916071012515,147.8613898290559
988,178.19945977915665,166.55767762692557
989,314.1759933012002,297.13562958583964
990,241.37451229690498,226.06897482301594
991,351.9111172463478,334.2877882940334
992,379.505928086949,360.9213385253248
993,402.02946550482875,381.4410531611833
994,194.52511444839337,182.10562185869787
995,259.82826950212495,244.33275131032485
996,311.3815319940711,294.19466904341095
997,341.08050174741913,322.30172284692037
998,278.96483578328076,263.4993951603203
999,277.4477978984314,261.2340018918492
1000,86.34243011105542,77.51728903147765
